customer_id,first_name,last_name,email,phone,city,state,zip_code,signup_date,membership,source
C00001,Samantha,Anderson,samanthaanderson@gmail.com,(428) 242-2679,Berlin,WV,81483,2025-01-01,basic,google
C00002,Patricia,Lopez,patricia_lopez@yahoo.com,+44 97 1434 4257,Singapore,TN,81427,2023-12-07,basic,google
C00003,Kimberly,Smith,kimberlysmith@yahoo.com,484-259-4527,Cape Town,MI,22157,2020-07-28,basic,google
C00004,Brian,Cox,brian.cox@outlook.com,,Tucson,OH,59616,2020-09-12,basic,google
C00005,Benjamin,Richardson,benjamin_richardson@outlook.com,,Phoenix,AZ,39872,2023-09-16,silver,tiktok
C00006,Diana,Robinson,dianarobinson@gmail.com,664-750-6977,Austin,MS,37461,2021-12-28,basic,referral
C00007,Debra,Chavez,debra_chavez@gmail.com,+44 51 3677 8573,Las Vegas,LA,93887,2025-03-10,basic,organic
C00008,Michelle,Foster,michelle_foster@gmail.com,+1-523-510-5386,Phoenix,IN,84342,2025-02-13,gold,google
C00009,Katherine,Murphy,katherinemurphy@hotmail.com,(471) 242-5040,São Paulo,OK,44439,2023-01-08,silver,google
C00010,Justin,Phillips,justin_phillips@outlook.com,(721) 605-2489,Cape Town,AR,24372,2024-10-29,basic,organic
C00011,Debra,Diaz,debra.diaz@proton.me,590.710.8668,Mesa,KY,11505,2023-02-07,basic,organic
C00012,Jonathan,Long,jonathanlong@outlook.com,+1-500-545-3591,Tucson,AL,44523,2024-01-18,platinum,referral
C00013,Nicholas,Wilson,nicholas_wilson@outlook.com,(582) 880-3646,Atlanta,WY,79515,2025-03-04,gold,facebook
C00014,Gary,Williams,garywilliams@gmail.com,445-159-4946,Colorado Springs,CO,73700,2020-06-24,silver,tiktok
C00015,Jonathan,Foster,jonathan_foster@yahoo.com,,Fresno,OK,44742,2020-12-04,basic,instagram
C00016,Margaret,Cooper,margaretcooper@yahoo.com,887.765.7118,Albuquerque,ND,25861,2022-07-13,basic,organic
C00017,Robert,Ramos,robert_ramos@proton.me,+44 48 1117 2163,Singapore,SD,40008,2020-04-30,basic,organic
C00018,Kevin,Martinez,kevin_martinez@proton.me,885-597-4510,Atlanta,FL,84848,2024-01-21,basic,organic
C00019,Jacob,Evans,jacob.evans@yahoo.com,+1-874-541-6804,Milwaukee,NE,17101,2022-08-14,basic,tiktok
C00020,Richard,Davis,,+1-454-296-4116,Atlanta,NH,65297,2020-10-14,basic,facebook
C00021,Elizabeth,Cruz,elizabeth.cruz@proton.me,+1-867-653-1241,Philadelphia,WI,40983,2024-10-04,basic,facebook
C00022,Margaret,Phillips,margaret_phillips@gmail.com,202.499.5345,Tucson,ME,82846,2022-05-16,basic,facebook
C00023,Matthew,Nguyen,matthew.nguyen@yahoo.com,+44 89 1998 6138,Houston,AR,72494,2023-04-11,basic,email
C00024,Christopher,Davis,christopher.davis@proton.me,(270) 709-2113,Berlin,KS,25714,2022-04-06,platinum,facebook
C00025,Justin,Kim,justin.kim@gmail.com,873.697.9565,Boston,KY,97783,2021-02-22,silver,organic
C00026,Ronald,Taylor,ronaldtaylor@outlook.com,969-174-1152,Tucson,SC,23105,2023-02-27,basic,organic
C00027,Dorothy,Taylor,dorothy.taylor@outlook.com,(578) 391-3584,Albuquerque,OH,49652,2023-12-11,basic,tiktok
C00028,Katherine,Ortiz,katherineortiz@gmail.com,,San Antonio,FL,25130,2021-06-25,gold,referral
C00029,Karen,Wright,karen_wright@outlook.com,,Nashville,IN,93131,2023-11-08,gold,facebook
C00030,Steven,Miller,stevenmiller@gmail.com,245-103-6464,Lagos,FL,44336,2023-07-28,basic,google
C00031,Alexander,Diaz,alexander.diaz@proton.me,+1-277-807-3442,Atlanta,AZ,58394,2024-09-05,basic,organic
C00032,Thomas,Garcia,,+1-566-315-5088,Sydney,CT,83386,2021-12-25,gold,google
C00033,Helen,Myers,,(381) 522-1406,Jacksonville,WV,53541,2025-03-08,silver,google
C00034,Christine,Patel,christinepatel@yahoo.com,(918) 210-7267,Chicago,NM,36159,2021-03-31,silver,facebook
C00035,Donna,Robinson,donna.robinson@yahoo.com,,Fort Worth,MT,46518,2021-11-03,gold,tiktok
C00036,Kimberly,Hall,kimberlyhall@proton.me,,Atlanta,MI,13618,2025-04-07,basic,tiktok
C00037,Daniel,Howard,daniel.howard@outlook.com,+1-810-544-6663,Mumbai,DC,67200,2021-10-04,basic,facebook
C00038,Deborah,Kelly,deborahkelly@yahoo.com,,Mesa,OH,97901,2023-11-07,basic,google
C00039,Christine,Nelson,christinenelson@proton.me,,San Diego,WA,49364,2025-01-17,basic,instagram
C00040,Michelle,Phillips,michelle_phillips@outlook.com,(630) 780-7211,Berlin,WV,32811,2025-01-22,basic,google
C00041,Stephen,Smith,stephensmith@outlook.com,(640) 904-6279,Tucson,NH,98556,2022-06-24,basic,facebook
C00042,Diane,Patel,diane.patel@yahoo.com,727-779-6491,Philadelphia,WI,98185,2021-04-26,basic,referral
C00043,Charles,Brown,charles_brown@gmail.com,825.970.2193,Tucson,NE,92545,2024-12-19,basic,referral
C00044,Deborah,Murphy,deborah_murphy@hotmail.com,(871) 804-1090,Cape Town,WY,23971,2024-12-18,silver,organic
C00045,Aaron,Hughes,aaronhughes@proton.me,+1-770-355-2988,Tucson,FL,70902,2024-06-29,basic,tiktok
C00046,Scott,Green,scottgreen@hotmail.com,,Albuquerque,KY,42407,2024-03-19,gold,google
C00047,Heather,Gutierrez,heather_gutierrez@hotmail.com,650-179-5681,Indianapolis,LA,51905,2021-11-18,gold,organic
C00048,Karen,Robinson,karen_robinson@hotmail.com,,Columbus,CA,63425,2026-01-12,basic,facebook
C00049,Linda,Clark,lindaclark@hotmail.com,+44 22 7232 8814,New York,MN,61117,2021-09-03,gold,tiktok
C00050,Rebecca,Morgan,rebecca_morgan@proton.me,424.379.8140,Sacramento,AK,54058,2022-03-07,basic,referral
C00051,Patrick,Perez,patrick_perez@hotmail.com,+44 88 1441 7455,Raleigh,OR,13553,2023-09-19,basic,google
C00052,Cynthia,White,cynthiawhite@gmail.com,535.316.8449,Boston,MI,59693,2024-04-07,basic,tiktok
C00053,Rebecca,Allen,rebeccaallen@gmail.com,+1-967-652-1853,Portland,IA,18994,2023-08-24,silver,instagram
C00054,Dennis,Brown,dennis_brown@yahoo.com,+1-836-256-4908,Dallas,NM,24994,2023-10-03,basic,organic
C00055,Rachel,Allen,rachel_allen@outlook.com,+44 97 2876 3683,Washington,CT,13366,2023-03-31,platinum,facebook
C00056,Timothy,Gomez,timothy.gomez@yahoo.com,+44 51 2669 5941,Berlin,RI,25867,2024-07-07,silver,facebook
C00057,Jennifer,Hall,jenniferhall@proton.me,,Oklahoma City,CA,94875,2022-11-02,basic,email
C00058,Julie,Morales,juliemorales@gmail.com,850-948-8532,Singapore,GA,33087,2022-06-10,silver,tiktok
C00059,Paul,Ward,paulward@proton.me,646.945.5397,Boston,KS,21360,2024-08-28,basic,facebook
C00060,Dennis,Reyes,dennisreyes@proton.me,229-606-6325,Jacksonville,NY,56508,2021-03-10,silver,google
C00061,Scott,Hughes,scott.hughes@outlook.com,+44 44 2402 4954,Mumbai,NE,82769,2022-09-27,silver,instagram
C00062,Samuel,Alvarez,samuelalvarez@hotmail.com,+1-295-401-4630,Louisville,VT,50136,2021-05-13,basic,google
C00063,Stephen,Ortiz,stephenortiz@outlook.com,,Omaha,MI,69474,2021-12-21,basic,google
C00064,Jessica,Castillo,jessicacastillo@yahoo.com,+1-960-648-4033,Fort Worth,IN,73465,2024-02-21,basic,facebook
C00065,Maria,Ortiz,mariaortiz@proton.me,+1-398-403-4727,Oklahoma City,ID,11855,2021-09-11,silver,organic
C00066,Jennifer,Miller,jennifermiller@proton.me,,Dallas,SD,74341,2024-11-13,basic,organic
C00067,Andrew,Stewart,andrewstewart@hotmail.com,388-152-5136,Fresno,DE,18565,2024-08-10,basic,organic
C00068,Benjamin,Mendoza,,(776) 411-2395,Indianapolis,DE,64549,2023-02-16,basic,referral
C00069,Mark,Jimenez,markjimenez@proton.me,653.404.8025,Washington,OR,17895,2023-06-25,basic,referral
C00070,Maria,Clark,mariaclark@yahoo.com,,Philadelphia,HI,32783,2021-05-06,basic,organic
C00071,Edward,Edwards,edwardedwards@proton.me,233-337-5720,Singapore,ME,69511,2023-12-10,basic,organic
C00072,Dorothy,Watson,dorothy_watson@proton.me,317.657.4683,Toronto,GA,44817,2025-02-03,gold,organic
C00073,Lisa,Flores,lisaflores@proton.me,327.579.5982,Tokyo,MT,45684,2025-04-14,basic,facebook
C00074,William,Kim,williamkim@gmail.com,,Boston,RI,13391,2021-05-27,basic,tiktok
C00075,Olivia,Kelly,olivia.kelly@proton.me,,Seattle,OR,32963,2020-03-23,basic,instagram
C00076,Kimberly,White,kimberlywhite@proton.me,,Sacramento,CO,55608,2022-08-20,basic,google
C00077,Susan,Lee,susanlee@outlook.com,,Sacramento,ME,62489,2023-09-18,silver,facebook
C00078,Ryan,Lopez,ryanlopez@outlook.com,318-891-7622,Kansas City,AL,81119,2023-09-08,basic,organic
C00079,Eric,Campbell,ericcampbell@proton.me,,Albuquerque,WI,36681,2020-04-15,basic,organic
C00080,Andrew,Cruz,andrew.cruz@hotmail.com,+1-845-723-4920,Singapore,HI,82200,2021-09-28,basic,google
C00081,Mark,Anderson,mark.anderson@hotmail.com,,San Jose,NY,48255,2025-03-25,basic,google
C00082,Adam,Morris,adam_morris@hotmail.com,764.248.7284,Fort Worth,RI,27893,2022-11-06,gold,google
C00083,Diane,Turner,dianeturner@outlook.com,+1-489-843-5891,Raleigh,PA,74179,2023-09-13,gold,google
C00084,Kathleen,Hall,kathleenhall@outlook.com,529.990.4090,Tokyo,KS,60197,2023-03-17,basic,referral
C00085,Jennifer,Green,jennifergreen@hotmail.com,879.911.3492,Sacramento,AZ,75837,2020-09-15,platinum,google
C00086,Richard,Cruz,richardcruz@gmail.com,+1-939-247-7717,Toronto,GA,71538,2020-06-02,silver,google
C00087,Helen,Ruiz,helen.ruiz@hotmail.com,890-979-9742,Las Vegas,MA,73957,2023-07-07,gold,organic
C00088,David,Walker,david_walker@outlook.com,,Philadelphia,NV,93067,2020-07-20,silver,organic
C00089,Lisa,Ruiz,not-an-email,+1-532-915-1919,Denver,MN,66451,2022-02-06,basic,facebook
C00090,Larry,Mendoza,larry_mendoza@yahoo.com,(280) 724-7267,Long Beach,UT,75231,2026-09-24,gold,organic
C00091,Cynthia,Brooks,cynthiabrooks@outlook.com,882-109-8622,Denver,UT,30707,2023-01-24,basic,tiktok
C00092,Emma,Hill,emmahill@hotmail.com,509.303.7302,Fresno,CT,59987,2021-04-30,basic,facebook
C00093,Rachel,Nguyen,rachelnguyen@gmail.com,208-679-1803,Miami,WV,47513,2022-10-14,silver,organic
C00094,Aaron,Rivera,aaron_rivera@yahoo.com,+44 52 3240 2591,London,TN,50493,2020-03-21,silver,organic
C00095,George,Sanders,george.sanders@yahoo.com,534-865-7807,Jacksonville,IL,80702,2020-09-27,gold,google
C00096,Nicholas,Wright,nicholaswright@yahoo.com,502.864.6549,San Diego,NJ,28450,2020-06-03,silver,organic
C00097,Gregory,Castillo,gregorycastillo@hotmail.com,+1-604-114-5332,Atlanta,DE,58312,2022-07-20,basic,instagram
C00098,Justin,Carter,justin.carter@outlook.com,,Charlotte,NM,91206,2020-02-21,gold,facebook
C00099,Brandon,Lewis,brandonlewis@gmail.com,,Washington,TN,25293,2022-04-16,basic,tiktok
C00100,Joshua,Murphy,joshua.murphy@gmail.com,(750) 238-7367,Tucson,MS,80805,2023-10-05,basic,referral
C00101,Karen,Turner,karenturner@gmail.com,,Tokyo,MS,68116,2021-03-20,basic,organic
C00102,George,Gonzalez,georgegonzalez@outlook.com,+1-607-382-4109,San Diego,NJ,96871,2020-07-06,basic,instagram
C00103,Robert,Miller,robert_miller@outlook.com,(778) 310-2124,Cape Town,OK,86859,2021-02-28,basic,email
C00104,Kevin,Jimenez,kevin.jimenez@yahoo.com,348-233-9850,San Francisco,ID,96647,2020-08-13,gold,organic
C00105,Amanda,Walker,amandawalker@proton.me,+1-378-371-1858,Dallas,WV,78956,2022-05-12,basic,organic
C00106,Laura,Jimenez,laura.jimenez@outlook.com,715.326.1710,Mumbai,DC,96364,2026-10-23,basic,facebook
C00107,Patricia,Davis,patriciadavis@hotmail.com,902.210.9032,Singapore,NH,20590,2020-05-30,basic,organic
C00108,Thomas,Scott,thomasscott@proton.me,811.643.5831,Tucson,NC,66388,2023-05-24,basic,referral
C00109,Diana,Wood,diana_wood@proton.me,662.333.7779,Nashville,NJ,64525,2022-03-27,silver,google
C00110,Kenneth,Bennett,kennethbennett@outlook.com,(903) 585-2099,Philadelphia,CO,66607,2020-07-09,basic,referral
C00111,Ruth,Taylor,ruth.taylor@proton.me,+44 91 6400 3002,Baltimore,MN,97208,2024-11-24,platinum,google
C00112,Patrick,Miller,patrickmiller@outlook.com,306-691-9313,Columbus,GA,73202,2023-09-06,basic,organic
C00113,Nathan,Bailey,nathan.bailey@outlook.com,787-331-8030,Omaha,WY,91491,2024-08-03,basic,instagram
C00114,Patricia,Cox,patricia.cox@outlook.com,(479) 819-6062,Nashville,MN,33778,2020-01-13,gold,facebook
C00115,Stephanie,Rodriguez,missing@,+1-964-643-4524,Las Vegas,NE,54682,2022-07-18,basic,google
C00116,Michelle,Jimenez,michelle.jimenez@proton.me,+1-359-261-1815,Berlin,CO,68080,2021-07-11,basic,facebook
C00117,Jeffrey,Turner,jeffrey_turner@outlook.com,+44 34 6655 8043,San Diego,ME,98931,2023-10-20,basic,facebook
C00118,Donna,Garcia,donnagarcia@yahoo.com,+44 27 1125 4349,Washington,IN,27988,2024-04-20,silver,google
C00119,Jessica,Smith,jessicasmith@hotmail.com,,Singapore,IA,83234,2022-10-21,gold,referral
C00120,Elizabeth,Gomez,,+1-670-179-6129,Colorado Springs,NV,63009,2023-03-20,silver,google
C00121,Joseph,Phillips,josephphillips@gmail.com,(832) 571-6928,Philadelphia,NV,23876,2024-09-25,basic,facebook
C00122,Shirley,Hernandez,shirleyhernandez@hotmail.com,,Nashville,IA,32038,2021-11-13,basic,instagram
C00123,Shirley,Rogers,shirleyrogers@yahoo.com,944-938-3419,Indianapolis,CT,43551,2020-10-26,basic,instagram
C00124,Maria,Ross,maria_ross@gmail.com,,Sacramento,NJ,83890,2024-03-25,silver,google
C00125,Larry,Chavez,larrychavez@proton.me,,Boston,GA,18951,2022-06-19,basic,instagram
C00126,Diane,Scott,diane.scott@proton.me,719-175-6085,Tucson,NH,17457,2020-03-18,basic,google
C00127,Samuel,Lopez,samuellopez@proton.me,794.667.1672,Albuquerque,OR,34673,2023-08-27,basic,facebook
C00128,Karen,Davis,karen.davis@hotmail.com,931-186-9266,Toronto,ID,42473,2020-03-21,silver,tiktok
C00129,Shirley,Gutierrez,shirley_gutierrez@proton.me,581-389-7347,Baltimore,WY,98985,2021-11-23,basic,referral
C00130,Samuel,Nelson,samuelnelson@gmail.com,+1-771-794-7333,Denver,KY,96058,2024-01-22,platinum,instagram
C00131,Karen,Nelson,karen_nelson@gmail.com,517-771-7421,Dallas,RI,21105,2023-12-22,basic,google
C00132,Diane,Nelson,diane.nelson@yahoo.com,,Sydney,NV,57426,2022-11-07,basic,google
C00133,Margaret,Baker,margaret_baker@hotmail.com,(340) 258-2264,Denver,DC,76544,2020-07-26,silver,email
C00134,Shirley,Jones,shirley_jones@outlook.com,+44 68 3527 3658,Jacksonville,VT,91886,2024-04-28,silver,organic
C00135,Jeffrey,Garcia,jeffreygarcia@hotmail.com,,Mumbai,KS,90032,2022-06-28,basic,referral
C00136,Laura,Robinson,laura_robinson@proton.me,,Oklahoma City,UT,84767,2025-04-23,platinum,facebook
C00137,Andrew,Jimenez,andrewjimenez@hotmail.com,(404) 920-3267,San Francisco,AR,72992,2023-08-06,gold,facebook
C00138,Susan,Alvarez,susan.alvarez@proton.me,285-881-3626,Seattle,NH,77287,2025-01-28,basic,google
C00139,Mark,Edwards,mark.edwards@outlook.com,254.505.9224,Oklahoma City,KS,20697,2022-03-01,basic,organic
C00140,Richard,Alvarez,richard_alvarez@outlook.com,(239) 393-8740,Tokyo,FL,71488,2024-04-03,basic,organic
C00141,William,Williams,william_williams@outlook.com,(761) 844-9647,Milwaukee,DE,47763,2024-05-08,basic,organic
C00142,Donald,Turner,donaldturner@proton.me,+1-313-956-9189,Miami,OH,92832,2020-02-03,basic,organic
C00143,Charles,Nguyen,charles.nguyen@hotmail.com,+44 65 4941 7825,Jacksonville,TX,21222,2023-09-30,basic,google
C00144,Shirley,Cooper,shirley.cooper@proton.me,681.144.7338,Oklahoma City,KY,12129,2024-03-10,basic,organic
C00145,Donald,Sanders,donaldsanders@gmail.com,(245) 460-9945,Nashville,TN,99743,2020-12-24,basic,instagram
C00146,Benjamin,White,benjamin.white@yahoo.com,,Lagos,NJ,48463,2020-03-16,basic,referral
C00147,Jennifer,Green,jennifergreen@outlook.com,,Cape Town,TN,47502,2021-01-26,basic,referral
C00148,Katherine,Nelson,katherine.nelson@outlook.com,647-509-8204,Las Vegas,MI,75039,2021-01-17,basic,google
C00149,Aaron,Gutierrez,aaron.gutierrez@outlook.com,,Milwaukee,CO,88965,2022-05-31,platinum,organic
C00150,Emily,Adams,emily.adams@gmail.com,876-402-6021,Albuquerque,RI,65852,2024-01-09,basic,google
C00151,Laura,Garcia,lauragarcia@outlook.com,854-910-1939,Phoenix,TX,63243,2023-07-29,basic,referral
C00152,Gregory,Lee,gregory_lee@gmail.com,+44 76 1570 3068,Phoenix,KS,94563,2024-05-13,basic,google
C00153,Larry,Jones,,,Albuquerque,MS,68189,2022-01-31,silver,facebook
C00154,Shirley,Campbell,shirleycampbell@hotmail.com,,Seattle,KS,13397,2020-08-20,silver,facebook
C00155,Deborah,Bailey,deborahbailey@gmail.com,920-556-4515,Long Beach,ME,74383,2023-11-22,basic,organic
C00156,Elizabeth,Edwards,elizabethedwards@yahoo.com,+1-898-965-6236,Sydney,MN,18512,2023-12-24,basic,google
C00157,Joshua,Lee,joshualee@yahoo.com,+44 48 2988 4292,Dallas,KS,74753,2024-06-06,basic,facebook
C00158,Melissa,Reyes,melissa_reyes@proton.me,+44 31 2077 6067,Louisville,VA,72740,2024-01-12,basic,referral
C00159,Julie,Kelly,julie_kelly@gmail.com,857-175-8372,Tucson,UT,55157,2022-11-25,basic,email
C00160,Stephen,Brooks,stephen_brooks@proton.me,(643) 614-1907,San Diego,ND,49863,2020-11-09,basic,google
C00161,Alexander,Lewis,alexanderlewis@outlook.com,+1-456-301-5496,Dallas,SD,90535,2021-09-12,basic,facebook
C00162,Lisa,Ramos,lisa_ramos@proton.me,(874) 739-6531,Colorado Springs,AZ,13719,2024-08-17,basic,tiktok
C00163,Jerry,Kelly,jerry_kelly@outlook.com,+44 73 1496 9159,London,OH,94137,2021-08-16,platinum,facebook
C00164,Ruth,Mendoza,ruthmendoza@hotmail.com,274.805.1981,Austin,NH,73472,2022-05-01,basic,google
C00165,Charles,Green,charlesgreen@outlook.com,333.878.7070,Kansas City,OK,51828,2020-08-05,basic,organic
C00166,Laura,Young,laura.young@yahoo.com,+1-497-493-7850,Indianapolis,HI,52918,2024-07-24,platinum,referral
C00167,Matthew,Ross,matthewross@yahoo.com,+44 79 9171 6055,Sacramento,AK,61544,2020-07-03,basic,tiktok
C00168,Margaret,Howard,margaret.howard@outlook.com,+1-488-606-8710,Denver,OH,24090,2020-01-17,basic,email
C00169,Janet,Campbell,janetcampbell@hotmail.com,+1-610-152-4189,Oklahoma City,OK,19638,2021-08-14,basic,facebook
C00170,Stephen,Scott,,(299) 503-7114,Nashville,OK,57921,2025-04-06,silver,organic
C00171,Angela,Phillips,angela.phillips@proton.me,+1-239-240-6456,Fresno,ND,29522,2022-07-24,basic,facebook
C00172,Michelle,Ward,michelle_ward@outlook.com,831.857.5902,Raleigh,MI,76810,2022-11-04,basic,referral
C00173,Joshua,Stewart,joshuastewart@gmail.com,889-212-7824,Raleigh,MD,92479,2024-06-19,basic,facebook
C00174,Katherine,Jimenez,katherine_jimenez@proton.me,,Houston,PA,32350,2022-09-10,basic,referral
C00175,Heather,Carter,heather_carter@yahoo.com,+1-786-817-2800,Fort Worth,AK,51117,2022-06-22,basic,google
C00176,Anthony,Evans,anthonyevans@proton.me,,Mumbai,AR,28099,2023-12-16,basic,facebook
C00177,Raymond,Morris,raymondmorris@proton.me,377-570-9734,Nashville,OH,98588,2021-12-26,silver,referral
C00178,Samuel,Ruiz,samuelruiz@outlook.com,(452) 385-5890,Charlotte,MD,47881,2024-04-28,silver,instagram
C00179,Gary,Green,garygreen@hotmail.com,+44 55 5715 2996,Colorado Springs,UT,59768,2023-01-17,gold,google
C00180,Brian,Foster,,+1-494-831-2294,Portland,NH,43613,2023-09-05,silver,organic
C00181,Julie,Morgan,juliemorgan@outlook.com,(311) 730-4920,Indianapolis,AR,79605,2023-10-03,basic,organic
C00182,Richard,Evans,richardevans@outlook.com,+1-897-889-3252,New York,OK,30702,2025-03-17,basic,tiktok
C00183,Jacob,Morris,jacobmorris@yahoo.com,492-761-1969,Lagos,CO,85253,2023-08-28,basic,referral
C00184,Nathan,Jones,nathanjones@yahoo.com,(237) 956-7504,Sacramento,ID,47942,2025-04-02,gold,organic
C00185,Larry,Cox,larrycox@gmail.com,665-756-9901,Mesa,NY,27590,2024-12-26,gold,facebook
C00186,Matthew,Anderson,matthew_anderson@outlook.com,,Tucson,TN,34406,2021-06-10,basic,google
C00187,Emily,Reed,emily_reed@yahoo.com,+44 71 8007 9442,Boston,CO,97721,2022-03-31,basic,tiktok
C00188,Kathleen,Adams,kathleen.adams@yahoo.com,592-341-8319,Cape Town,LA,49577,2021-11-06,basic,facebook
C00189,Dorothy,Wood,dorothy_wood@outlook.com,+1-883-221-8625,Washington,HI,99926,2022-04-10,basic,email
C00190,Alexander,Foster,alexander.foster@outlook.com,,Denver,MS,38948,2023-06-12,basic,organic
C00191,Karen,Collins,karencollins@proton.me,918.662.8714,Cape Town,OH,97045,2024-06-30,gold,referral
C00192,Debra,Long,,+44 77 9653 6927,Phoenix,OR,18095,2020-08-17,gold,email
C00193,Betty,Kelly,betty_kelly@proton.me,(535) 974-9525,Albuquerque,DE,36923,2023-10-25,silver,facebook
C00194,Angela,Edwards,angelaedwards@gmail.com,(725) 525-8484,Colorado Springs,AR,70605,2023-02-18,basic,google
C00195,Robert,Gomez,robert.gomez@outlook.com,,Columbus,PA,15937,2020-05-29,basic,referral
C00196,Anna,Davis,annadavis@gmail.com,+1-493-518-3948,Lagos,FL,94086,2024-04-17,platinum,instagram
C00197,Rebecca,Mitchell,rebeccamitchell@hotmail.com,584.182.9835,Dallas,TN,55583,2024-10-27,basic,tiktok
C00198,Ronald,Ortiz,ronald_ortiz@yahoo.com,+1-974-123-5888,Tucson,UT,81362,2024-01-12,basic,google
C00199,Sandra,Young,sandrayoung@hotmail.com,(482) 293-2848,Chicago,TX,90600,2022-05-08,silver,email
C00200,Robert,Walker,robert.walker@yahoo.com,+1-808-134-8314,Miami,UT,16381,2023-12-11,basic,organic
C00201,Jeffrey,Robinson,jeffrey_robinson@proton.me,+1-343-615-5739,Charlotte,WA,51800,2023-03-25,basic,referral
C00202,Jose,Adams,joseadams@yahoo.com,(876) 633-4621,Baltimore,MD,17990,2021-07-17,basic,facebook
C00203,Jack,Thompson,jackthompson@hotmail.com,+1-552-758-7244,Mesa,MA,64569,2023-11-27,basic,google
C00204,Nancy,Long,nancylong@proton.me,(430) 407-3365,Tucson,AR,64091,2023-02-25,platinum,facebook
C00205,Sarah,Roberts,sarahroberts@yahoo.com,(538) 762-2295,Albuquerque,MS,80207,2020-07-08,silver,organic
C00206,Paul,Carter,paul.carter@proton.me,+1-392-923-4555,Fresno,IN,53643,2024-11-15,basic,email
C00207,Margaret,Harris,margaretharris@gmail.com,(912) 718-4350,Louisville,KS,52155,2023-02-04,silver,google
C00208,Jonathan,Wood,jonathanwood@outlook.com,568-625-9147,Tucson,CT,71538,2024-07-02,silver,google
C00209,Anthony,Mitchell,anthonymitchell@outlook.com,+1-776-984-4625,São Paulo,GA,44181,2020-02-03,basic,facebook
C00210,Patrick,Turner,patrick_turner@outlook.com,(537) 335-7223,Colorado Springs,KS,82174,2022-10-19,basic,instagram
C00211,Steven,Ross,stevenross@hotmail.com,,Austin,FL,81637,2024-01-15,basic,email
C00212,Anna,Chavez,anna.chavez@gmail.com,+1-884-149-1104,Baltimore,FL,92668,2024-09-21,basic,referral
C00213,Mary,Ramirez,maryramirez@proton.me,261-732-8916,Sydney,NY,10867,2020-02-02,basic,google
C00214,Robert,Ortiz,,+1-714-932-8054,Jacksonville,CT,22625,2025-02-23,basic,organic
C00215,Helen,Ortiz,helenortiz@outlook.com,606-180-7112,Louisville,NJ,41878,2023-03-03,platinum,organic
C00216,Debra,Hernandez,debra.hernandez@gmail.com,588.486.8798,Houston,SD,32464,2020-01-20,basic,email
C00217,Samuel,Nelson,samuel.nelson@proton.me,+44 25 4764 4463,Tokyo,OR,45533,2022-08-31,basic,organic
C00218,Kimberly,Cooper,kimberly.cooper@proton.me,(522) 116-4394,Raleigh,GA,62206,2024-03-20,platinum,google
C00219,Larry,Walker,larrywalker@proton.me,,Atlanta,MI,28344,2022-02-25,silver,instagram
C00220,William,Cook,william.cook@outlook.com,+1-647-337-2245,Nashville,RI,90461,2024-04-23,platinum,google
C00221,Heather,Adams,heatheradams@gmail.com,702.333.6829,Omaha,MO,34346,2022-06-03,basic,instagram
C00222,William,Foster,space name@test.com,(930) 175-2344,Seattle,GA,93087,2022-02-17,basic,google
C00223,George,Wilson,george.wilson@gmail.com,655-468-5419,San Antonio,FL,34562,2020-06-27,basic,facebook
C00224,Angela,Evans,angela.evans@gmail.com,+1-562-667-2524,Miami,RI,52524,2024-05-25,gold,organic
C00225,Edward,Roberts,edward_roberts@gmail.com,+44 86 3778 7237,Austin,FL,49470,2021-07-04,basic,organic
C00226,Lisa,Parker,lisaparker@outlook.com,695-901-2260,Oklahoma City,KY,42322,2025-04-17,silver,facebook
C00227,Brandon,Sanchez,brandon.sanchez@hotmail.com,(511) 106-7483,Nashville,SC,53194,2022-02-17,basic,google
C00228,Julie,Wood,julie_wood@proton.me,528-717-4290,Fresno,MA,62199,2020-12-29,platinum,google
C00229,Frank,Brooks,frank_brooks@hotmail.com,585-387-7437,Oklahoma City,DE,83906,2025-03-23,basic,tiktok
C00230,Nancy,Mendoza,nancy.mendoza@proton.me,,Tucson,VA,67470,2021-03-05,silver,email
C00231,David,Evans,david_evans@hotmail.com,,Washington,KS,96333,2021-06-01,basic,google
C00232,Timothy,Martinez,timothymartinez@hotmail.com,+44 71 9755 9300,Tokyo,NE,14819,2023-01-18,silver,google
C00233,Ruth,Morgan,ruth.morgan@proton.me,+1-987-354-6816,Austin,TN,15807,2023-06-08,basic,instagram
C00234,Samuel,Phillips,samuelphillips@outlook.com,+1-210-200-5239,Charlotte,NC,78000,2024-03-09,basic,instagram
C00235,Mark,Edwards,markedwards@outlook.com,990.795.9199,San Jose,MN,73278,2020-02-20,basic,google
C00236,William,Anderson,williamanderson@yahoo.com,551-566-4389,Mesa,NM,72412,2021-12-14,basic,referral
C00237,Laura,Green,lauragreen@gmail.com,+1-927-217-1370,Nashville,TN,98755,2020-08-11,silver,tiktok
C00238,Jack,Young,jack_young@proton.me,+44 40 6422 7985,Tucson,IA,63091,2024-06-21,basic,organic
C00239,Raymond,Parker,raymond.parker@hotmail.com,,Long Beach,IL,87622,2022-07-09,basic,organic
C00240,Margaret,Clark,margaret.clark@outlook.com,+44 33 9796 4063,Oklahoma City,MA,69973,2021-02-07,basic,instagram
C00241,Gary,Ortiz,garyortiz@outlook.com,+44 70 2871 6700,Portland,NJ,32614,2023-06-18,silver,referral
C00242,Joshua,Ward,joshua.ward@proton.me,,Dallas,MA,41271,2020-08-29,basic,organic
C00243,Frank,Jackson,frankjackson@proton.me,810.241.7286,Milwaukee,ID,93297,2022-09-23,basic,email
C00244,Daniel,Bailey,not-an-email,343-291-6154,Albuquerque,SC,57060,2020-04-19,platinum,facebook
C00245,Matthew,Roberts,matthewroberts@proton.me,901.603.7809,Singapore,NH,31923,2022-09-27,basic,organic
C00246,Maria,Lewis,maria.lewis@outlook.com,430-650-5729,Austin,WY,84141,2022-07-25,silver,referral
C00247,Stephen,Rogers,stephen.rogers@gmail.com,993-656-7010,Atlanta,WI,67851,2020-03-26,basic,tiktok
C00248,Susan,Patel,susanpatel@yahoo.com,+1-660-369-6711,Philadelphia,NH,25387,2024-11-07,silver,organic
C00249,Ruth,Patel,ruthpatel@proton.me,,Long Beach,SD,31756,2022-05-26,basic,referral
C00250,Jose,Clark,joseclark@gmail.com,+44 55 9827 3758,Boston,VA,47924,2021-08-22,basic,tiktok
C00251,Angela,Gray,angela_gray@gmail.com,260.383.3078,Tokyo,FL,29169,2021-05-26,silver,email
C00252,Maria,Gray,mariagray@hotmail.com,(791) 747-5402,London,NE,69244,2022-02-07,basic,referral
C00253,Jerry,Lopez,jerrylopez@hotmail.com,,Oklahoma City,NJ,73969,2025-04-30,basic,organic
C00254,Heather,Sanders,heathersanders@gmail.com,,Sydney,VT,18301,2022-01-03,silver,google
C00255,Jason,Ramirez,jasonramirez@hotmail.com,490-445-9967,Colorado Springs,FL,73615,2023-03-05,silver,email
C00256,Maria,Miller,maria.miller@gmail.com,,Tucson,AK,30708,2020-09-11,basic,organic
C00257,Jason,Sanchez,jasonsanchez@yahoo.com,(480) 195-6905,San Francisco,CO,97099,2022-01-31,gold,organic
C00258,Ronald,Watson,ronald_watson@outlook.com,871.193.2559,New York,IN,20216,2022-09-03,basic,organic
C00259,Debra,Cruz,debra.cruz@gmail.com,,Nashville,DE,65354,2024-10-27,basic,facebook
C00260,Sandra,Roberts,sandra.roberts@gmail.com,+1-520-476-5902,Dallas,MO,27452,2024-05-03,basic,instagram
C00261,David,Ortiz,david.ortiz@proton.me,+44 41 8210 6753,Mumbai,IN,29841,2023-07-10,gold,instagram
C00262,Jeffrey,Ramirez,jeffrey.ramirez@gmail.com,(970) 226-7291,Portland,NV,28328,2021-10-06,basic,instagram
C00263,Ashley,Peterson,ashleypeterson@proton.me,,Los Angeles,TX,49538,2024-11-28,basic,instagram
C00264,Matthew,Myers,matthewmyers@hotmail.com,,Houston,DC,41371,2025-01-12,basic,organic
C00265,Amy,Brooks,amy.brooks@proton.me,+44 21 6916 6185,Dallas,MO,84499,2024-10-28,basic,facebook
C00266,Daniel,Ross,daniel.ross@hotmail.com,+1-801-169-1225,San Francisco,IN,17926,2020-03-22,platinum,google
C00267,Andrew,Watson,andrewwatson@proton.me,918.511.2350,London,OH,90747,2023-01-06,basic,organic
C00268,William,Rogers,william_rogers@yahoo.com,+44 61 7401 2083,Washington,VT,41279,2022-06-14,basic,organic
C00269,Sharon,Anderson,sharon.anderson@hotmail.com,882-859-3877,San Diego,AL,27985,2023-12-20,silver,organic
C00270,Brian,Gutierrez,briangutierrez@proton.me,(580) 229-5403,Mumbai,DE,13848,2024-04-28,basic,google
C00271,Shirley,Rodriguez,shirley.rodriguez@outlook.com,666.623.6900,Houston,NY,84303,2024-10-25,basic,organic
C00272,Jerry,Wilson,jerry.wilson@proton.me,(958) 621-1042,Chicago,AL,16027,2021-05-15,basic,google
C00273,Karen,Thompson,karenthompson@gmail.com,(529) 354-7819,Mumbai,MA,20209,2021-07-09,basic,organic
C00274,Gregory,Miller,gregory_miller@yahoo.com,+44 25 7568 2129,Tucson,ME,50724,2024-05-03,basic,facebook
C00275,Mary,Mitchell,marymitchell@yahoo.com,+44 58 4974 8600,Oklahoma City,PA,35615,2022-10-07,silver,facebook
C00276,Diane,Young,diane.young@yahoo.com,224.338.9872,Portland,SD,11258,2024-09-15,platinum,organic
C00277,Raymond,Carter,raymond.carter@outlook.com,(742) 343-7878,Sacramento,AR,46678,2020-10-18,basic,tiktok
C00278,Nathan,Gutierrez,nathangutierrez@hotmail.com,965.186.2565,Kansas City,FL,61689,2023-07-29,basic,facebook
C00279,Sharon,James,,467-971-6161,Louisville,VT,52763,2024-08-30,basic,google
C00280,Elizabeth,Sanchez,elizabeth.sanchez@yahoo.com,(308) 268-8365,Tucson,MA,25826,2022-04-12,basic,tiktok
C00281,Anthony,Edwards,anthonyedwards@outlook.com,322-192-3582,Berlin,MD,89077,2024-08-19,basic,email
C00282,Michelle,Jackson,michelle_jackson@gmail.com,605-625-1802,Berlin,MD,32790,2021-06-16,basic,google
C00283,Laura,Bailey,laura_bailey@proton.me,+1-673-204-3290,San Diego,AL,39136,2020-05-06,basic,email
C00284,Melissa,Mendoza,melissamendoza@gmail.com,+1-222-166-4239,Toronto,NH,26881,2024-07-15,basic,email
C00285,Ruth,Nelson,ruth.nelson@gmail.com,251.272.8096,Mumbai,MT,13865,2022-10-13,basic,google
C00286,Amanda,Ramirez,amandaramirez@yahoo.com,656-252-1567,Long Beach,SC,42216,2023-06-17,basic,facebook
C00287,Stephen,Morris,stephen.morris@gmail.com,592-240-7868,Fort Worth,TN,78920,2024-12-16,basic,tiktok
C00288,Anna,Williams,,757.900.8940,Portland,OR,52154,2022-10-25,basic,organic
C00289,Kenneth,Kim,kenneth.kim@yahoo.com,259-928-8728,Mesa,MN,86545,2024-04-19,platinum,tiktok
C00290,Richard,Young,richardyoung@yahoo.com,+44 27 4594 7363,Portland,ID,41006,2020-12-26,basic,referral
C00291,Rachel,Rivera,rachel.rivera@proton.me,,Tokyo,MN,84404,2025-04-24,basic,facebook
C00292,Matthew,Murphy,matthewmurphy@proton.me,(702) 138-2478,Houston,IA,38680,2023-05-17,basic,facebook
C00293,Kevin,Ward,kevin_ward@yahoo.com,934-281-6301,Houston,AK,86889,2020-10-29,silver,organic
C00294,Joseph,Ortiz,joseph.ortiz@outlook.com,921-778-7481,Raleigh,CT,49553,2021-11-20,basic,tiktok
C00295,Janet,Parker,janetparker@hotmail.com,(924) 675-6846,Charlotte,TX,32984,2023-04-21,basic,referral
C00296,Emily,Taylor,emily.taylor@yahoo.com,,Colorado Springs,MT,84382,2024-10-08,basic,instagram
C00297,Ruth,Ward,ruth.ward@yahoo.com,344.439.2274,Indianapolis,MN,32006,2021-10-16,basic,tiktok
C00298,Julie,Price,julieprice@outlook.com,+1-471-314-5088,Tokyo,CA,43641,2021-12-18,silver,referral
C00299,Michael,Roberts,michaelroberts@hotmail.com,(623) 604-7204,Portland,OH,23295,2022-02-07,gold,referral
C00300,Pamela,Wood,pamela_wood@yahoo.com,275.918.1547,Denver,AK,44227,2021-10-14,platinum,organic
C00301,Lisa,Carter,lisa.carter@yahoo.com,+44 31 6536 8909,Singapore,AK,95674,2022-06-02,basic,email
C00302,Christopher,Miller,christophermiller@gmail.com,(394) 519-9849,San Francisco,TX,48981,2021-07-30,basic,organic
C00303,Pamela,Peterson,pamela_peterson@hotmail.com,+1-569-103-8005,Philadelphia,ME,96773,2024-08-14,basic,facebook
C00304,Richard,Brown,richard_brown@yahoo.com,,Denver,CO,25140,2022-08-27,basic,google
C00305,Gary,James,gary.james@outlook.com,,Atlanta,MO,58631,2021-01-13,gold,google
C00306,Laura,Garcia,lauragarcia@yahoo.com,(475) 677-2009,San Jose,WI,97487,2023-11-27,basic,instagram
C00307,Ruth,Cooper,ruth_cooper@hotmail.com,+44 27 7342 9561,Baltimore,OH,72237,2023-11-08,basic,organic
C00308,Joshua,Hernandez,joshua.hernandez@hotmail.com,+44 93 9467 3415,San Diego,WI,32660,2022-07-08,platinum,organic
C00309,Margaret,Harris,margaret.harris@yahoo.com,280.799.8133,Fort Worth,SD,87995,2020-10-29,basic,email
C00310,Ruth,Rodriguez,not-an-email,+44 70 6343 5525,Mesa,NJ,11621,2025-02-21,silver,instagram
C00311,Eric,Turner,ericturner@gmail.com,(351) 680-2641,San Antonio,OR,23238,2024-05-15,silver,email
C00312,Brian,Evans,brianevans@outlook.com,,Sacramento,OR,72004,2023-06-01,basic,google
C00313,Charles,Richardson,charlesrichardson@proton.me,+1-605-439-4892,Houston,WV,45204,2022-08-31,gold,organic
C00314,Jose,Hill,josehill@outlook.com,912.801.2609,Charlotte,FL,68080,2021-09-07,silver,google
C00315,Janet,Turner,janet.turner@proton.me,(652) 316-7671,São Paulo,NY,77699,2024-04-04,gold,email
C00316,Angela,Lee,,,Kansas City,MT,78720,2020-10-04,gold,organic
C00317,Matthew,Sanchez,matthew_sanchez@gmail.com,+1-667-151-6904,Singapore,IL,58281,2021-07-15,gold,facebook
C00318,Samantha,Thomas,samantha_thomas@gmail.com,,Jacksonville,NM,82265,2023-04-16,basic,organic
C00319,Dorothy,Myers,dorothymyers@gmail.com,,Colorado Springs,WY,39013,2021-03-14,basic,instagram
C00320,Paul,Wood,paul.wood@hotmail.com,,New York,NM,27343,2025-02-09,basic,instagram
C00321,Mary,Lewis,marylewis@outlook.com,,Singapore,TN,65550,2021-07-17,gold,email
C00322,Ryan,Allen,ryanallen@yahoo.com,893-633-7506,Raleigh,CT,77046,2020-01-16,platinum,tiktok
C00323,Olivia,Mitchell,,900-210-8892,Phoenix,MI,93965,2021-07-20,basic,google
C00324,Katherine,Alvarez,,(729) 883-4937,Houston,RI,96578,2022-04-07,basic,organic
C00325,Patricia,Wood,patriciawood@hotmail.com,628-514-7361,São Paulo,AZ,84979,2023-04-09,silver,google
C00326,Carolyn,Lewis,carolynlewis@proton.me,,Portland,NC,32281,2021-09-06,gold,email
C00327,Nancy,Nguyen,nancynguyen@gmail.com,(958) 364-3999,Berlin,MI,21705,2023-09-02,basic,organic
C00328,Donna,Turner,donnaturner@outlook.com,799-401-8598,San Diego,NM,93152,2020-04-19,basic,tiktok
C00329,Elizabeth,Stewart,elizabeth.stewart@yahoo.com,,Las Vegas,ND,64147,2021-09-03,basic,email
C00330,Sarah,Sanchez,sarahsanchez@outlook.com,+44 78 3346 6183,Singapore,ID,20593,2024-05-14,basic,instagram
C00331,Daniel,Green,daniel.green@gmail.com,480.314.3762,Colorado Springs,WI,74170,2020-11-20,silver,referral
C00332,Thomas,Ward,thomasward@hotmail.com,639.588.7280,New York,AZ,36138,2022-12-29,silver,tiktok
C00333,Michelle,Long,michelle_long@proton.me,+1-892-104-5076,Charlotte,VT,55135,2024-12-01,basic,organic
C00334,Nicholas,Ramos,nicholas_ramos@outlook.com,+1-246-405-5764,Tucson,WA,88168,2022-12-01,basic,google
C00335,Debra,Moore,debramoore@outlook.com,968-292-3701,Louisville,AK,39403,2021-04-12,silver,organic
C00336,Janet,Williams,janet_williams@proton.me,,Las Vegas,SD,80089,2021-06-07,basic,facebook
C00337,Michael,James,michael.james@gmail.com,+1-906-218-7828,Albuquerque,MO,81734,2020-09-10,basic,referral
C00338,Anthony,Ruiz,anthonyruiz@gmail.com,877.203.9524,Seattle,SC,27979,2023-05-25,basic,email
C00339,Angela,Castillo,angela.castillo@proton.me,316-903-2741,Sacramento,IL,36182,2023-06-01,silver,email
C00340,Betty,Rivera,,(240) 661-9132,Columbus,VT,73002,2025-03-26,basic,organic
C00341,Christine,Lopez,christinelopez@gmail.com,(292) 898-9383,Phoenix,WA,23277,2024-01-21,gold,instagram
C00342,Ryan,Nguyen,ryannguyen@outlook.com,+1-302-932-3862,Chicago,ME,98706,2026-12-04,basic,referral
C00343,Richard,Ross,richard.ross@gmail.com,(879) 762-3793,Nashville,MN,67373,2025-01-05,platinum,google
C00344,Janet,Lopez,janetlopez@outlook.com,(316) 510-7557,Tucson,LA,60557,2024-09-07,basic,facebook
C00345,Rebecca,Wood,rebecca.wood@yahoo.com,(912) 843-1960,Austin,CT,87431,2022-05-02,basic,facebook
C00346,Jeffrey,White,jeffreywhite@proton.me,826-129-3140,Fresno,NY,63908,2020-08-19,basic,organic
C00347,Katherine,Green,katherine_green@gmail.com,,Nashville,ND,91034,2022-12-07,basic,instagram
C00348,Ashley,Morris,,(771) 727-1894,New York,TN,30569,2025-03-28,basic,facebook
C00349,Amy,Perez,amyperez@gmail.com,,Houston,NC,82155,2021-04-01,basic,google
C00350,Donald,Hernandez,donaldhernandez@hotmail.com,+44 77 2442 9166,Albuquerque,MA,75192,2020-08-31,silver,organic
C00351,Stephanie,Evans,stephanie.evans@gmail.com,+1-818-733-5990,Kansas City,OK,95800,2021-02-27,basic,tiktok
C00352,George,Miller,georgemiller@yahoo.com,773-885-8751,Singapore,TX,69315,2022-01-14,basic,referral
C00353,Mark,Smith,marksmith@outlook.com,,Denver,OK,59007,2022-12-05,silver,organic
C00354,Lisa,Murphy,lisamurphy@yahoo.com,+1-460-725-4209,Fort Worth,DE,61498,2025-03-20,basic,email
C00355,Matthew,Alvarez,matthew.alvarez@outlook.com,247.748.3018,Lagos,NH,96306,2022-07-25,basic,facebook
C00356,Amy,Smith,amy.smith@proton.me,+44 75 8912 9328,Lagos,ID,85833,2023-11-17,basic,referral
C00357,Susan,Roberts,susanroberts@proton.me,+44 69 7859 5067,Seattle,MT,48558,2021-12-03,basic,organic
C00358,Edward,Cox,edwardcox@proton.me,,Omaha,MA,82560,2023-12-28,basic,organic
C00359,Helen,Alvarez,helenalvarez@outlook.com,,Dallas,VA,33307,2023-08-24,basic,instagram
C00360,Michelle,Price,michelleprice@gmail.com,+44 81 7839 9747,Denver,NV,11674,2024-07-13,basic,organic
C00361,Charles,Miller,charles_miller@gmail.com,968-904-3636,Denver,UT,29193,2021-05-28,gold,instagram
C00362,Emily,Clark,emily.clark@proton.me,663-204-4675,São Paulo,TN,60973,2023-02-23,basic,referral
C00363,Aaron,Hughes,,596.526.6122,Omaha,AR,42944,2020-01-27,basic,email
C00364,Jeffrey,Lewis,jeffrey_lewis@outlook.com,,Fort Worth,ME,33256,2022-07-08,platinum,organic
C00365,Daniel,Patel,daniel.patel@proton.me,241.538.5572,Omaha,KY,31094,2020-09-23,basic,google
C00366,Kevin,Reyes,kevin.reyes@yahoo.com,(530) 711-1833,Lagos,SD,96756,2023-06-14,basic,referral
C00367,Stephen,Rivera,stephenrivera@gmail.com,+44 48 4012 9529,Phoenix,DC,30890,2022-10-31,basic,facebook
C00368,Barbara,Hall,barbara_hall@yahoo.com,,Nashville,MI,48480,2022-01-08,basic,referral
C00369,Shirley,Stewart,shirley.stewart@proton.me,+1-884-454-8301,Indianapolis,TN,91413,2023-06-10,basic,organic
C00370,Michelle,Carter,michellecarter@gmail.com,753-841-5633,Los Angeles,ND,59147,2024-08-10,basic,facebook
C00371,Gary,Garcia,gary_garcia@outlook.com,726-184-2572,Austin,WY,79889,2023-01-06,basic,organic
C00372,Christine,Watson,christinewatson@yahoo.com,+1-410-650-8130,Toronto,CA,99922,2024-03-09,basic,facebook
C00373,Kevin,Jones,kevin.jones@gmail.com,+1-382-913-5127,Omaha,CA,39838,2023-03-23,gold,google
C00374,Laura,Watson,laurawatson@hotmail.com,217-498-2938,Atlanta,AL,91049,2023-08-06,basic,referral
C00375,Jennifer,Hughes,jenniferhughes@gmail.com,+44 33 5748 5937,Miami,CO,67368,2021-07-30,basic,email
C00376,Patricia,Stewart,patricia_stewart@yahoo.com,(964) 500-9941,Denver,SD,49067,2020-10-22,basic,email
C00377,Diane,Sanders,diane.sanders@outlook.com,+44 91 3316 3019,Chicago,AL,88205,2023-03-18,basic,facebook
C00378,William,Flores,williamflores@yahoo.com,(622) 761-9397,San Jose,HI,38940,2021-01-11,basic,google
C00379,Joseph,White,joseph.white@proton.me,+44 79 2198 5762,Sydney,CA,22872,2021-05-28,basic,facebook
C00380,Kevin,Rivera,kevin_rivera@yahoo.com,+1-491-734-2143,Fort Worth,MA,69068,2022-09-22,basic,instagram
C00381,Frank,Howard,space name@test.com,638-272-1079,Boston,KS,39036,2024-05-28,silver,instagram
C00382,Kimberly,Campbell,kimberlycampbell@yahoo.com,673.556.6877,Lagos,MD,82309,2022-09-24,basic,instagram
C00383,William,Scott,william_scott@yahoo.com,951-741-2252,Mumbai,CA,12442,2025-01-01,gold,instagram
C00384,Jose,Howard,missing@,+44 47 1600 5269,Atlanta,OH,95710,2022-08-24,silver,google
C00385,Mark,Foster,,(675) 613-9362,Philadelphia,MT,75821,2022-01-15,basic,organic
C00386,Ruth,Ward,ruth_ward@yahoo.com,363.283.3395,São Paulo,WA,57029,2022-09-17,basic,referral
C00387,Sandra,Rodriguez,sandrarodriguez@outlook.com,(243) 784-4387,Mesa,DC,60869,2022-01-09,basic,facebook
C00388,Jennifer,Garcia,jennifer.garcia@outlook.com,,Mesa,SD,45848,2024-08-26,gold,google
C00389,Anna,Reed,annareed@yahoo.com,,Las Vegas,MS,95635,2023-04-18,gold,organic
C00390,Steven,Carter,stevencarter@yahoo.com,553-598-8898,Miami,AL,28215,2022-10-24,basic,organic
C00391,Angela,Chavez,angela_chavez@outlook.com,(391) 261-6934,Miami,VA,25510,2024-07-31,basic,google
C00392,Kevin,Castillo,kevincastillo@gmail.com,,Fresno,NM,87437,2021-03-07,basic,email
C00393,Robert,Young,robert_young@gmail.com,+44 95 3639 3207,London,NC,85009,2020-03-21,basic,organic
C00394,Nancy,Gutierrez,nancy.gutierrez@hotmail.com,,Mumbai,TX,47153,2024-08-09,platinum,organic
C00395,Nicole,Stewart,nicole_stewart@hotmail.com,(620) 715-3338,Raleigh,WY,91686,2021-01-07,basic,google
C00396,Patrick,Mendoza,patrickmendoza@outlook.com,+44 95 2127 4765,Las Vegas,MO,24231,2020-09-27,basic,facebook
C00397,Nicholas,Mendoza,nicholas_mendoza@hotmail.com,,Long Beach,RI,79656,2020-03-20,basic,organic
C00398,Kathleen,James,kathleen.james@yahoo.com,,Toronto,NV,65140,2022-12-05,basic,organic
C00399,Shirley,Diaz,,558.703.2600,Milwaukee,FL,72540,2021-06-05,silver,email
C00400,William,Torres,williamtorres@proton.me,393-105-1116,Colorado Springs,ND,78127,2020-08-29,basic,instagram
C00401,Frank,Green,frankgreen@hotmail.com,+1-358-536-5155,San Francisco,OH,84013,2022-05-17,basic,google
C00402,Debra,Gomez,debragomez@yahoo.com,+44 91 8904 3928,Oklahoma City,OK,73408,2023-02-10,basic,google
C00403,Brian,Jimenez,brian_jimenez@hotmail.com,,San Diego,WV,68537,2021-04-15,silver,tiktok
C00404,Richard,Ramirez,richardramirez@proton.me,763-728-1852,Austin,MO,10694,2023-07-26,silver,email
C00405,Jacob,Kim,jacob.kim@hotmail.com,+1-469-327-7075,Philadelphia,RI,60375,2020-03-18,platinum,google
C00406,Katherine,Gutierrez,katherine.gutierrez@outlook.com,(855) 606-8192,New York,IL,96100,2024-10-07,platinum,facebook
C00407,Matthew,Jones,matthew_jones@proton.me,+44 41 1590 6893,Indianapolis,TN,30637,2020-01-01,basic,google
C00408,Stephanie,Rivera,stephanierivera@hotmail.com,+44 45 9482 1251,São Paulo,VA,21819,2020-05-20,basic,referral
C00409,Brenda,Howard,brendahoward@outlook.com,431-720-4187,Tucson,MT,10610,2023-03-23,basic,google
C00410,Susan,Bailey,susanbailey@gmail.com,319-922-9409,San Francisco,OH,85353,2024-07-23,basic,google
C00411,Timothy,Reed,timothy_reed@hotmail.com,994-569-8548,Raleigh,AK,25240,2022-09-14,basic,google
C00412,Tyler,Lewis,tylerlewis@yahoo.com,561.628.9776,New York,VT,44518,2024-08-31,basic,organic
C00413,Gregory,Myers,gregory.myers@outlook.com,+44 42 8807 6142,Portland,IN,85198,2025-01-05,basic,tiktok
C00414,Debra,Harris,debra_harris@hotmail.com,(953) 347-5348,Columbus,IA,42729,2021-02-19,gold,google
C00415,Heather,Wilson,heather.wilson@gmail.com,,Sydney,NY,10869,2023-06-11,silver,facebook
C00416,Jennifer,Morris,jennifermorris@outlook.com,788.989.5501,Sacramento,ID,76996,2024-04-14,basic,organic
C00417,Pamela,Taylor,pamelataylor@gmail.com,753.133.9232,Portland,MT,32912,2024-10-28,basic,organic
C00418,Eric,Collins,eric.collins@outlook.com,+1-890-315-7216,Raleigh,CT,57396,2021-10-28,basic,google
C00419,Stephen,King,stephenking@yahoo.com,827.451.6995,Jacksonville,NY,37595,2022-05-18,basic,referral
C00420,George,Phillips,georgephillips@outlook.com,(785) 234-4744,San Antonio,WA,40908,2021-07-06,basic,email
C00421,Betty,Jackson,bettyjackson@yahoo.com,+1-380-531-9185,Dallas,SD,79991,2022-11-24,silver,referral
C00422,Joshua,Allen,joshua.allen@proton.me,301.807.3676,Houston,IN,43331,2024-07-24,basic,instagram
C00423,Laura,Myers,lauramyers@outlook.com,568-673-5222,Portland,AK,25891,2022-04-23,basic,instagram
C00424,Nicole,Sanchez,,563-432-9363,Sacramento,WY,68581,2024-02-17,gold,google
C00425,Andrew,Reyes,andrew_reyes@yahoo.com,,Nashville,NE,90257,2023-07-16,basic,email
C00426,Elizabeth,Hernandez,elizabethhernandez@yahoo.com,(521) 424-5773,Singapore,LA,94495,2023-05-24,basic,email
C00427,Heather,Campbell,heathercampbell@proton.me,371.288.1378,Dallas,WA,96773,2021-04-25,basic,referral
C00428,Catherine,Hernandez,catherine_hernandez@yahoo.com,305.197.2045,Fresno,OK,13456,2020-04-20,silver,facebook
C00429,William,Wilson,william_wilson@outlook.com,+1-870-499-6068,Charlotte,KS,47248,2024-02-19,basic,organic
C00430,Shirley,Perez,shirley.perez@gmail.com,,Portland,MA,72411,2024-11-04,basic,email
C00431,Paul,Peterson,paul_peterson@hotmail.com,,Atlanta,ID,88327,2023-04-25,basic,referral
C00432,Larry,Parker,larryparker@proton.me,693-652-4721,Philadelphia,NH,57944,2021-09-22,basic,organic
C00433,Mary,Smith,mary_smith@proton.me,493-580-9767,New York,VT,74479,2025-03-03,platinum,facebook
C00434,Mary,Foster,maryfoster@hotmail.com,+44 49 1118 9981,Oklahoma City,IL,83473,2022-04-23,basic,organic
C00435,Carolyn,Patel,carolynpatel@hotmail.com,(469) 181-7917,London,KS,90376,2022-11-24,silver,instagram
C00436,Andrew,Wood,andrewwood@proton.me,392.973.2121,Jacksonville,FL,24465,2021-08-16,basic,instagram
C00437,Paul,Hughes,paulhughes@proton.me,(528) 119-3492,Houston,OH,34372,2020-02-15,platinum,google
C00438,Thomas,Alvarez,thomas.alvarez@hotmail.com,(292) 254-1241,Sacramento,IN,65083,2021-12-01,basic,referral
C00439,Melissa,Reyes,melissareyes@gmail.com,+1-968-249-1918,Seattle,WY,19357,2022-03-14,basic,organic
C00440,Olivia,Allen,olivia.allen@hotmail.com,+1-986-831-5078,Las Vegas,WY,42397,2022-06-26,silver,organic
C00441,Ryan,Patel,ryan_patel@gmail.com,598.797.6113,Boston,HI,15530,2023-07-12,silver,facebook
C00442,Jessica,Allen,jessicaallen@hotmail.com,(569) 153-4568,San Diego,KS,66907,2023-07-20,basic,organic
C00443,Kimberly,Howard,kimberlyhoward@gmail.com,(209) 143-8786,Tokyo,RI,58680,2020-11-13,silver,organic
C00444,Amy,Lopez,amylopez@proton.me,,Houston,AR,94486,2021-12-29,basic,facebook
C00445,Susan,Taylor,susan_taylor@hotmail.com,771-907-6690,Albuquerque,WA,12799,2021-01-30,basic,google
C00446,Sarah,Allen,sarahallen@gmail.com,,Albuquerque,OK,81138,2021-08-26,basic,organic
C00447,Nancy,Cooper,nancycooper@outlook.com,,Tucson,LA,88471,2024-11-11,gold,facebook
C00448,David,Ortiz,davidortiz@yahoo.com,469-654-7014,Tucson,AL,93628,2024-05-08,basic,referral
C00449,Robert,Richardson,robert_richardson@outlook.com,938-164-9830,Las Vegas,IL,99552,2022-12-09,basic,facebook
C00450,Brandon,Torres,brandontorres@outlook.com,,Boston,DE,78577,2020-07-16,basic,organic
C00451,Thomas,Thompson,thomas_thompson@gmail.com,+1-697-296-2617,Chicago,OR,60935,2023-08-07,basic,facebook
C00452,Rachel,Ramos,rachel.ramos@outlook.com,426-720-2161,New York,IN,74410,2023-09-04,platinum,email
C00453,Cynthia,Brooks,cynthiabrooks@gmail.com,+44 73 7046 1955,Long Beach,LA,15329,2022-12-19,silver,email
C00454,Elizabeth,Ramirez,elizabeth.ramirez@proton.me,+1-942-336-9710,Las Vegas,IL,78970,2021-01-30,basic,facebook
C00455,Daniel,Bailey,danielbailey@proton.me,,San Antonio,WY,85572,2023-07-31,basic,facebook
C00456,Christine,Diaz,christine_diaz@gmail.com,(763) 511-9268,Nashville,TX,79980,2020-11-19,platinum,google
C00457,Amanda,Green,amandagreen@proton.me,622-882-8054,Mumbai,MA,41552,2023-05-31,basic,organic
C00458,Jerry,Peterson,jerrypeterson@outlook.com,658.506.1003,Mumbai,AZ,88088,2021-08-05,basic,organic
C00459,Joshua,Smith,joshua_smith@outlook.com,(522) 122-5521,Omaha,NC,84799,2023-02-13,platinum,organic
C00460,John,Collins,john_collins@outlook.com,(471) 475-5093,Charlotte,KY,49362,2024-07-19,basic,google
C00461,Margaret,Sanders,margaretsanders@gmail.com,377.599.2562,Miami,TN,14899,2021-09-07,silver,facebook
C00462,William,Jimenez,williamjimenez@gmail.com,644-526-2974,Lagos,IA,95562,2024-03-11,gold,tiktok
C00463,Samantha,Jimenez,,736-142-6231,Atlanta,OR,52839,2020-11-02,basic,organic
C00464,Michael,Gray,michaelgray@hotmail.com,+44 93 9269 2475,Charlotte,NV,61685,2021-08-16,basic,google
C00465,Jacob,Kelly,jacobkelly@gmail.com,287-508-9221,Milwaukee,WY,27089,2023-11-30,silver,facebook
C00466,Betty,Morales,betty_morales@hotmail.com,+44 98 9589 5034,Indianapolis,CA,66370,2021-06-29,basic,tiktok
C00467,Barbara,Anderson,barbaraanderson@hotmail.com,556-295-6254,Portland,RI,13173,2023-09-04,silver,organic
C00468,Brian,Ward,brian_ward@hotmail.com,245.937.4825,Fort Worth,UT,30447,2022-02-04,silver,email
C00469,Joseph,Patel,joseph_patel@gmail.com,+44 38 5713 1225,Nashville,VT,24586,2024-07-05,basic,facebook
C00470,Kevin,Clark,kevin_clark@proton.me,(759) 635-5237,Omaha,NM,28527,2023-06-29,basic,instagram
C00471,Timothy,Howard,timothy.howard@proton.me,,Fort Worth,DC,90998,2023-11-27,basic,facebook
C00472,Mary,Rodriguez,maryrodriguez@hotmail.com,,Sydney,MS,24142,2024-11-05,basic,email
C00473,Katherine,Roberts,katherineroberts@yahoo.com,+44 32 6168 8940,Miami,OH,34435,2020-06-29,basic,tiktok
C00474,Brenda,Alvarez,brenda.alvarez@gmail.com,(742) 412-6465,Sacramento,MT,30579,2024-03-04,basic,instagram
C00475,Amanda,Watson,amanda_watson@outlook.com,+44 55 2015 5221,Las Vegas,AK,82738,2025-04-17,platinum,organic
C00476,Carol,Gomez,carol.gomez@yahoo.com,,Las Vegas,ND,90275,2023-10-20,gold,instagram
C00477,Rebecca,Walker,rebecca_walker@proton.me,519.719.6395,Albuquerque,OH,37101,2020-09-26,basic,facebook
C00478,Debra,Sanchez,debrasanchez@yahoo.com,,Singapore,ND,27728,2025-02-05,basic,email
C00479,Jerry,Jackson,jerry_jackson@proton.me,269-670-9732,Mumbai,DE,51629,2026-06-09,gold,organic
C00480,Patricia,Ross,patriciaross@outlook.com,510.553.5485,San Jose,WY,23995,2021-01-19,basic,organic
C00481,Brandon,Ward,brandon_ward@outlook.com,+44 49 4783 1427,Portland,CO,72470,2023-11-10,basic,email
C00482,Jacob,Alvarez,jacob_alvarez@outlook.com,703.585.3253,Austin,IL,14225,2021-04-08,basic,tiktok
C00483,Paul,Evans,paul_evans@yahoo.com,(267) 281-8197,Long Beach,NY,52585,2023-11-09,gold,email
C00484,Jason,Phillips,jasonphillips@gmail.com,,Boston,MT,84965,2023-06-06,basic,facebook
C00485,Alexander,Jones,alexander.jones@proton.me,667.946.1694,Indianapolis,ND,61854,2023-01-06,platinum,organic
C00486,Deborah,Gutierrez,deborah_gutierrez@gmail.com,650-507-5989,Lagos,ME,31822,2022-08-02,basic,instagram
C00487,Michael,Ruiz,michael_ruiz@proton.me,861.562.2481,Mumbai,NC,33563,2020-08-19,silver,tiktok
C00488,Rachel,Cooper,rachelcooper@yahoo.com,531.561.1408,Jacksonville,NJ,36468,2023-04-23,gold,organic
C00489,Michelle,Ruiz,michelle.ruiz@yahoo.com,+1-316-823-8362,London,MS,78658,2020-06-23,silver,referral
C00490,Angela,Ward,angelaward@yahoo.com,+44 68 1719 3799,Nashville,OR,96446,2024-11-19,gold,organic
C00491,Charles,Thompson,charlesthompson@gmail.com,516-847-8311,Denver,SD,25409,2021-01-05,gold,tiktok
C00492,James,Richardson,james.richardson@outlook.com,709.975.9169,Atlanta,AL,74680,2023-05-30,basic,facebook
C00493,Jacob,Collins,jacobcollins@hotmail.com,+1-815-714-1107,Indianapolis,OK,91234,2021-07-23,basic,email
C00494,Anthony,Miller,anthony_miller@yahoo.com,+1-868-457-1601,San Jose,AZ,85772,2023-09-28,gold,google
C00495,Barbara,Miller,barbaramiller@gmail.com,(365) 788-5659,Long Beach,TX,87984,2023-11-17,basic,facebook
C00496,Ryan,Myers,ryanmyers@proton.me,,Boston,MS,59669,2025-01-12,gold,referral
C00497,Olivia,Peterson,oliviapeterson@gmail.com,337.224.5496,Nashville,ND,78767,2022-04-27,basic,organic
C00498,Linda,Wilson,linda.wilson@proton.me,941.805.5705,Milwaukee,RI,51483,2024-10-02,basic,facebook
C00499,Helen,Rivera,helenrivera@yahoo.com,+44 83 9069 3947,Long Beach,IA,48075,2023-12-22,platinum,organic
C00500,Patricia,Reyes,patricia_reyes@gmail.com,+44 73 7783 1745,Nashville,MN,93559,2023-02-21,basic,instagram
C00544,Lisa,Murphy,lisamurphy@yahoo.com,+1-460-725-4209,Fort Worth,DE,61498,2025-05-10,basic,email
C00593,Donald,Sanders,donaldsanders@gmail.com,(245) 460-9945,Nashville,TN,99743,2021-03-07,basic,instagram
C00579,Karen,Nelson,karen_nelson@gmail.com,517-771-7421,Dallas,RI,21105,2023-12-26,basic,google
C00523,Jacob,Kim,jacob.kim@hotmail.com,+1-469-327-7075,Philadelphia,RI,60375,2020-04-12,platinum,google
C00543,Donna,Robinson,donna.robinson@yahoo.com,,Fort Worth,MT,46518,2021-12-17,gold,tiktok
C00587,Melissa,Reyes,melissa_reyes@proton.me,+44 31 2077 6067,Louisville,VA,72740,2024-03-14,basic,referral
C00561,Shirley,Campbell,shirleycampbell@hotmail.com,,Seattle,KS,13397,2020-08-25,silver,facebook
C00583,Sandra,Roberts,sandra.roberts@gmail.com,+1-520-476-5902,Dallas,MO,27452,2024-05-21,basic,instagram
C00562,Michelle,Jackson,missing@,605-625-1802,Berlin,MD,32790,2021-07-06,basic,google
C00581,Laura,Young,laura.young@yahoo.com,+1-497-493-7850,Indianapolis,HI,52918,2024-09-21,platinum,referral
C00569,Robert,Young,robert_young@gmail.com,+44 95 3639 3207,London,NC,85009,2020-05-03,basic,organic
C00560,Brian,Cox,brian.cox@outlook.com,,Tucson,OH,59616,2020-11-04,basic,google
C00596,Paul,Ward,paulward@proton.me,646.945.5397,Boston,KS,21360,2024-09-05,basic,facebook
C00567,George,Miller,georgemiller@yahoo.com,773-885-8751,Singapore,TX,69315,2022-02-22,basic,referral
C00573,Angela,Phillips,angela.phillips@proton.me,+1-239-240-6456,Fresno,ND,29522,2022-10-19,basic,facebook
